{"file:///c%3A/Users/amand/Code/source/repos/leaderboard/frontend/src/index.js":{"language":"JavaScript","code":7,"comment":7,"blank":4},"file:///c%3A/Users/amand/Code/source/repos/leaderboard/frontend/src/pages/TrendingPage.jsx":{"language":"JavaScript JSX","code":128,"comment":5,"blank":9},"file:///c%3A/Users/amand/Code/source/repos/leaderboard/frontend/src/pages/SearchPage.jsx":{"language":"JavaScript JSX","code":114,"comment":7,"blank":14},"file:///c%3A/Users/amand/Code/source/repos/leaderboard/frontend/src/pages/SettingsPage.jsx":{"language":"JavaScript JSX","code":356,"comment":95,"blank":27},"file:///c%3A/Users/amand/Code/source/repos/leaderboard/frontend/src/__tests__/TagComponent.test.js":{"language":"JavaScript","code":14,"comment":0,"blank":3},"file:///c%3A/Users/amand/Code/source/repos/leaderboard/frontend/src/__tests__/RecommendedComponent.test.js":{"language":"JavaScript","code":14,"comment":0,"blank":3},"file:///c%3A/Users/amand/Code/source/repos/leaderboard/frontend/src/pages/RecommendedPage.jsx":{"language":"JavaScript JSX","code":133,"comment":5,"blank":9},"file:///c%3A/Users/amand/Code/source/repos/leaderboard/frontend/src/__tests__/RecentReviewsComponent.test.js":{"language":"JavaScript","code":14,"comment":0,"blank":3},"file:///c%3A/Users/amand/Code/source/repos/leaderboard/frontend/src/__tests__/ProfileComponent.test.js":{"language":"JavaScript","code":14,"comment":0,"blank":3},"file:///c%3A/Users/amand/Code/source/repos/leaderboard/frontend/src/pages/ProfilePage.jsx":{"language":"JavaScript JSX","code":171,"comment":6,"blank":24},"file:///c%3A/Users/amand/Code/source/repos/leaderboard/frontend/src/pages/NotFoundPage.jsx":{"language":"JavaScript JSX","code":52,"comment":0,"blank":5},"file:///c%3A/Users/amand/Code/source/repos/leaderboard/frontend/src/helperFunctions/toasts.js":{"language":"JavaScript","code":25,"comment":0,"blank":3},"file:///c%3A/Users/amand/Code/source/repos/leaderboard/frontend/src/__tests__/HighestRatedComponent.test.js":{"language":"JavaScript","code":14,"comment":0,"blank":3},"file:///c%3A/Users/amand/Code/source/repos/leaderboard/frontend/src/pages/ListsPage.jsx":{"language":"JavaScript JSX","code":330,"comment":12,"blank":43},"file:///c%3A/Users/amand/Code/source/repos/leaderboard/frontend/src/helperFunctions/listsUpvotes.js":{"language":"JavaScript","code":71,"comment":2,"blank":8},"file:///c%3A/Users/amand/Code/source/repos/leaderboard/frontend/src/helperFunctions/commentsUpvotes.js":{"language":"JavaScript","code":92,"comment":4,"blank":8},"file:///c%3A/Users/amand/Code/source/repos/leaderboard/frontend/src/helperFunctions/computeNewRatingFunction.js":{"language":"JavaScript","code":25,"comment":1,"blank":3},"file:///c%3A/Users/amand/Code/source/repos/leaderboard/frontend/src/__tests__/GamePreviewComponent.test.js":{"language":"JavaScript","code":14,"comment":0,"blank":3},"file:///c%3A/Users/amand/Code/source/repos/leaderboard/frontend/src/pages/HomePage.jsx":{"language":"JavaScript JSX","code":213,"comment":32,"blank":27},"file:///c%3A/Users/amand/Code/source/repos/leaderboard/frontend/src/__tests__/FooterComponent.test.js":{"language":"JavaScript","code":15,"comment":0,"blank":3},"file:///c%3A/Users/amand/Code/source/repos/leaderboard/frontend/src/helperFunctions/commentNotifications.js":{"language":"JavaScript","code":40,"comment":3,"blank":4},"file:///c%3A/Users/amand/Code/source/repos/leaderboard/frontend/src/pages/GamePage.jsx":{"language":"JavaScript JSX","code":654,"comment":81,"blank":78},"file:///c%3A/Users/amand/Code/source/repos/leaderboard/frontend/src/pages/GamesReviewedPage.jsx":{"language":"JavaScript JSX","code":289,"comment":16,"blank":26},"file:///c%3A/Users/amand/Code/source/repos/leaderboard/frontend/src/pages/FAQPage.jsx":{"language":"JavaScript JSX","code":272,"comment":169,"blank":19},"file:///c%3A/Users/amand/Code/source/repos/leaderboard/frontend/src/__tests__/BacklogPreviewComponent.test.js":{"language":"JavaScript","code":14,"comment":0,"blank":3},"file:///c%3A/Users/amand/Code/source/repos/leaderboard/frontend/src/helperFunctions/checkGameCache.js":{"language":"JavaScript","code":61,"comment":4,"blank":9},"file:///c%3A/Users/amand/Code/source/repos/leaderboard/frontend/src/helperFunctions/backlogRecommendation.js":{"language":"JavaScript","code":15,"comment":3,"blank":4},"file:///c%3A/Users/amand/Code/source/repos/leaderboard/frontend/src/pages/CreateUserPage.jsx":{"language":"JavaScript JSX","code":296,"comment":67,"blank":26},"file:///c%3A/Users/amand/Code/source/repos/leaderboard/frontend/src/pages/AboutUsPage.jsx":{"language":"JavaScript JSX","code":255,"comment":0,"blank":21},"file:///c%3A/Users/amand/Code/source/repos/leaderboard/frontend/src/pages/BacklogPage.jsx":{"language":"JavaScript JSX","code":23,"comment":0,"blank":4},"file:///c%3A/Users/amand/Code/source/repos/leaderboard/frontend/src/pages/AuthenticationPage.jsx":{"language":"JavaScript JSX","code":121,"comment":15,"blank":13},"file:///c%3A/Users/amand/Code/source/repos/leaderboard/frontend/src/firebase.config.js":{"language":"JavaScript","code":14,"comment":7,"blank":4},"file:///c%3A/Users/amand/Code/source/repos/leaderboard/frontend/src/pages/lists/ViewTierListPage.jsx":{"language":"JavaScript JSX","code":555,"comment":27,"blank":69},"file:///c%3A/Users/amand/Code/source/repos/leaderboard/frontend/src/context/AuthContext.js":{"language":"JavaScript","code":27,"comment":0,"blank":9},"file:///c%3A/Users/amand/Code/source/repos/leaderboard/frontend/src/pages/lists/ViewListPage.jsx":{"language":"JavaScript JSX","code":528,"comment":27,"blank":70},"file:///c%3A/Users/amand/Code/source/repos/leaderboard/frontend/src/pages/lists/TierListPage.jsx":{"language":"JavaScript JSX","code":32,"comment":0,"blank":5},"file:///c%3A/Users/amand/Code/source/repos/leaderboard/frontend/src/App.css":{"language":"CSS","code":31,"comment":0,"blank":8},"file:///c%3A/Users/amand/Code/source/repos/leaderboard/frontend/src/pages/lists/ListPage.jsx":{"language":"JavaScript JSX","code":32,"comment":0,"blank":5},"file:///c%3A/Users/amand/Code/source/repos/leaderboard/frontend/src/App.js":{"language":"JavaScript","code":106,"comment":0,"blank":3},"file:///c%3A/Users/amand/Code/source/repos/leaderboard/frontend/src/components/PrivateRoute.jsx":{"language":"JavaScript JSX","code":8,"comment":2,"blank":3},"file:///c%3A/Users/amand/Code/source/repos/leaderboard/frontend/src/components/PreviewListComponent.jsx":{"language":"JavaScript JSX","code":329,"comment":20,"blank":34},"file:///c%3A/Users/amand/Code/source/repos/leaderboard/frontend/src/components/PlatformComponent.jsx":{"language":"JavaScript JSX","code":29,"comment":9,"blank":8},"file:///c%3A/Users/amand/Code/source/repos/leaderboard/frontend/src/components/ProfileComponent.jsx":{"language":"JavaScript JSX","code":463,"comment":14,"blank":45},"file:///c%3A/Users/amand/Code/source/repos/leaderboard/frontend/src/components/PublicRoute.jsx":{"language":"JavaScript JSX","code":6,"comment":0,"blank":3},"file:///c%3A/Users/amand/Code/source/repos/leaderboard/frontend/src/components/RecentActivityComponent.jsx":{"language":"JavaScript JSX","code":231,"comment":16,"blank":20},"file:///c%3A/Users/amand/Code/source/repos/leaderboard/frontend/src/components/StarReviewComponent.jsx":{"language":"JavaScript JSX","code":214,"comment":19,"blank":34},"file:///c%3A/Users/amand/Code/source/repos/leaderboard/frontend/src/components/TagComponent.jsx":{"language":"JavaScript JSX","code":27,"comment":0,"blank":4},"file:///c%3A/Users/amand/Code/source/repos/leaderboard/frontend/src/components/TrendingComponent.jsx":{"language":"JavaScript JSX","code":98,"comment":1,"blank":8},"file:///c%3A/Users/amand/Code/source/repos/leaderboard/frontend/src/components/SpinnerComponent.jsx":{"language":"JavaScript JSX","code":6,"comment":0,"blank":3},"file:///c%3A/Users/amand/Code/source/repos/leaderboard/frontend/src/assets/Leaderboard_Logos/logo_white_favicon_package/site.webmanifest":{"language":"JSON","code":19,"comment":0,"blank":1},"file:///c%3A/Users/amand/Code/source/repos/leaderboard/frontend/src/assets/Leaderboard_Logos/logo_black_purple_favicon_package/site.webmanifest":{"language":"JSON","code":19,"comment":0,"blank":1},"file:///c%3A/Users/amand/Code/source/repos/leaderboard/frontend/src/components/Spinner.jsx":{"language":"JavaScript JSX","code":13,"comment":0,"blank":4},"file:///c%3A/Users/amand/Code/source/repos/leaderboard/frontend/src/assets/Leaderboard_Logos/logo_white_purple_favicon_package/site.webmanifest":{"language":"JSON","code":19,"comment":0,"blank":1},"file:///c%3A/Users/amand/Code/source/repos/leaderboard/frontend/src/assets/Leaderboard_Logos/logo_white_favicon_package/safari-pinned-tab.svg":{"language":"XML","code":95,"comment":0,"blank":1},"file:///c%3A/Users/amand/Code/source/repos/leaderboard/frontend/src/assets/Leaderboard_Logos/logo_black_purple_favicon_package/safari-pinned-tab.svg":{"language":"XML","code":69,"comment":0,"blank":1},"file:///c%3A/Users/amand/Code/source/repos/leaderboard/frontend/src/assets/Leaderboard_Logos/logo_white_favicon_package/browserconfig.xml":{"language":"XML","code":9,"comment":0,"blank":1},"file:///c%3A/Users/amand/Code/source/repos/leaderboard/frontend/src/assets/Leaderboard_Logos/logo_white_purple_favicon_package/browserconfig.xml":{"language":"XML","code":9,"comment":0,"blank":1},"file:///c%3A/Users/amand/Code/source/repos/leaderboard/frontend/src/assets/Leaderboard_Logos/logo_black_purple_favicon_package/browserconfig.xml":{"language":"XML","code":9,"comment":0,"blank":1},"file:///c%3A/Users/amand/Code/source/repos/leaderboard/frontend/src/components/UserStatsComponent.jsx":{"language":"JavaScript JSX","code":0,"comment":1,"blank":0},"file:///c%3A/Users/amand/Code/source/repos/leaderboard/frontend/src/assets/Leaderboard_Logos/logo_white_purple_favicon_package/safari-pinned-tab.svg":{"language":"XML","code":5373,"comment":0,"blank":1},"file:///c%3A/Users/amand/Code/source/repos/leaderboard/frontend/src/components/WriteReviewComponent.jsx":{"language":"JavaScript JSX","code":449,"comment":55,"blank":55},"file:///c%3A/Users/amand/Code/source/repos/leaderboard/frontend/src/components/SideNavComponent.jsx":{"language":"JavaScript JSX","code":445,"comment":17,"blank":19},"file:///c%3A/Users/amand/Code/source/repos/leaderboard/frontend/src/components/UserSearchResultComponent.jsx":{"language":"JavaScript JSX","code":156,"comment":3,"blank":10},"file:///c%3A/Users/amand/Code/source/repos/leaderboard/frontend/src/components/SortReviewsComponent.jsx":{"language":"JavaScript JSX","code":120,"comment":13,"blank":11},"file:///c%3A/Users/amand/Code/source/repos/leaderboard/frontend/src/components/SearchContainerComponent.jsx":{"language":"JavaScript JSX","code":171,"comment":0,"blank":11},"file:///c%3A/Users/amand/Code/source/repos/leaderboard/frontend/src/components/SelectTagsComponent.jsx":{"language":"JavaScript JSX","code":53,"comment":9,"blank":5},"file:///c%3A/Users/amand/Code/source/repos/leaderboard/frontend/src/components/ReviewUnderGameComponent.jsx":{"language":"JavaScript JSX","code":918,"comment":63,"blank":83},"file:///c%3A/Users/amand/Code/source/repos/leaderboard/frontend/src/components/ReviewComponent.jsx":{"language":"JavaScript JSX","code":1053,"comment":81,"blank":97},"file:///c%3A/Users/amand/Code/source/repos/leaderboard/frontend/src/components/ScrollableImageComponent.jsx":{"language":"JavaScript JSX","code":94,"comment":2,"blank":12},"file:///c%3A/Users/amand/Code/source/repos/leaderboard/frontend/src/components/NotificationListItem.jsx":{"language":"JavaScript JSX","code":85,"comment":3,"blank":7},"file:///c%3A/Users/amand/Code/source/repos/leaderboard/frontend/src/components/SearchDropdrownComponent.jsx":{"language":"JavaScript JSX","code":98,"comment":7,"blank":8},"file:///c%3A/Users/amand/Code/source/repos/leaderboard/frontend/src/assets/Leaderboard_Logos/logo_black_favicon_package/safari-pinned-tab.svg":{"language":"XML","code":71,"comment":0,"blank":1},"file:///c%3A/Users/amand/Code/source/repos/leaderboard/frontend/src/assets/Leaderboard_Logos/logo_black_favicon_package/site.webmanifest":{"language":"JSON","code":19,"comment":0,"blank":1},"file:///c%3A/Users/amand/Code/source/repos/leaderboard/frontend/src/components/RecommendedComponent.jsx":{"language":"JavaScript JSX","code":104,"comment":1,"blank":8},"file:///c%3A/Users/amand/Code/source/repos/leaderboard/frontend/src/components/NavbarComponent.jsx":{"language":"JavaScript JSX","code":293,"comment":16,"blank":19},"file:///c%3A/Users/amand/Code/source/repos/leaderboard/frontend/src/components/GlobalRatingsGraphComponent.jsx":{"language":"JavaScript JSX","code":80,"comment":1,"blank":5},"file:///c%3A/Users/amand/Code/source/repos/leaderboard/frontend/src/components/ListSearchResultComponent.jsx":{"language":"JavaScript JSX","code":254,"comment":5,"blank":26},"file:///c%3A/Users/amand/Code/source/repos/leaderboard/frontend/src/components/FooterComponent.jsx":{"language":"JavaScript JSX","code":63,"comment":4,"blank":7},"file:///c%3A/Users/amand/Code/source/repos/leaderboard/frontend/src/assets/Leaderboard_Logos/logo_black_favicon_package/browserconfig.xml":{"language":"XML","code":9,"comment":0,"blank":1},"file:///c%3A/Users/amand/Code/source/repos/leaderboard/frontend/src/components/BadgesComponent.jsx":{"language":"JavaScript JSX","code":518,"comment":23,"blank":49},"file:///c%3A/Users/amand/Code/source/repos/leaderboard/frontend/src/components/DraggableListComponent.jsx":{"language":"JavaScript JSX","code":182,"comment":32,"blank":20},"file:///c%3A/Users/amand/Code/source/repos/leaderboard/frontend/src/components/GamePreviewComponent.jsx":{"language":"JavaScript JSX","code":215,"comment":33,"blank":22},"file:///c%3A/Users/amand/Code/source/repos/leaderboard/frontend/src/components/DraggableGameCoverComponent.jsx":{"language":"JavaScript JSX","code":32,"comment":2,"blank":9},"file:///c%3A/Users/amand/Code/source/repos/leaderboard/frontend/src/components/BacklogPreviewComponent.jsx":{"language":"JavaScript JSX","code":156,"comment":1,"blank":10},"file:///c%3A/Users/amand/Code/source/repos/leaderboard/frontend/src/components/lists/TierListComponent.jsx":{"language":"JavaScript JSX","code":498,"comment":31,"blank":51},"file:///c%3A/Users/amand/Code/source/repos/leaderboard/frontend/src/components/lists/ListComponent.jsx":{"language":"JavaScript JSX","code":287,"comment":25,"blank":38},"file:///c%3A/Users/amand/Code/source/repos/leaderboard/frontend/src/components/BacklogComponent.jsx":{"language":"JavaScript JSX","code":149,"comment":11,"blank":12},"file:///c%3A/Users/amand/Code/source/repos/leaderboard/frontend/src/components/CommentComponent.jsx":{"language":"JavaScript JSX","code":408,"comment":29,"blank":43},"file:///c%3A/Users/amand/Code/source/repos/leaderboard/frontend/src/components/AddGameToListComponent.jsx":{"language":"JavaScript JSX","code":86,"comment":0,"blank":12},"file:///c%3A/Users/amand/Code/source/repos/leaderboard/frontend/src/components/ActionBoxComponent.jsx":{"language":"JavaScript JSX","code":314,"comment":50,"blank":56}}